Name,Feature,Type
Rhoglu1_801319_5'UTR,GTCGAACAACAACCTCTCTTCCTCCTCGACTTCATCAGTACAACGCTCACTCACGCTCTCACCGCTCGGCTGGACTGGCTGGACGCGCCAACGGG,UTR
Rhoglu1_801319_exon1,ATGCCAGGAGCTCACGGCTCGTCTCTCGCGCTCCCGGTCGTCGACTTCCGCGTTGTCGACACGAGCACCCCCGCTCCTCCCGACGTCCACAACCCTCAGCTCGTCGCGTTCGGCTACAACGGCGGCCAGGAATGGGATGCGTACAAGGCCAAAGCGGATGGCGAGCCCGGGCGGTACCTGCGGTGGTTGC,CDS
Rhoglu1_801319_exon2,AACCCATGGAGTCGGAACTGGCGAAGCAGGTCGAGTATGACATGGACGAGCAAG,CDS
Rhoglu1_801319_exon3,ACCAGCTCTGGCTCGACACGCTCAATGCAGAGCGGAAGAAGGACGGCCTTGCCACCATCCCGTACGAGCTGTTTGAGATCGTCATGGACAAGGTCGAGAAGGAATGGTTCGACCTG,CDS
Rhoglu1_801319_exon4,ACTCGCAACATCCCGAAGCGAACGAACGCCTTGCCGAGTGAAGACAGCAAATGCGCCATTTGCGATGATGGCGAGTGCGAGAACTCGAATGCGATCGTCTTTTGCGACGGGTGCAACTTGGCGGTCCACCAAG,CDS
Rhoglu1_801319_exon5,ACTGCTACGGCGTGCCATACATCCCGGAGGGGCAGTGGCTCTGCCGCAAATGCACCGTCTCGCCCGACAAGCCAGTT,CDS
Rhoglu1_801319_exon6,ACCTGCGTGCTCTGCCCCAACTCGTACGGCGCCTTCAAGCAGACGACGACGGGCCAGTGGGCGCACCTGCTCTGCGCGATCTGGGTACCCGAGACGGGCGTCAGCAACACGGTCTACATGGAGCCGGTCGACGGGCTCGAGCACATTCCGAAGAGTCGATGGAAGCTG,CDS
Rhoglu1_801319_exon7,GTCTGCTACCTCTGCAAGAAGCGCGTCGGTGCCTGCATCCA,CDS
Rhoglu1_801319_exon8,ATGCGCGAACCGGCAGTGCTACACCGCTTTCCACCCGACCTGCGCGCGCGAGTACGGCCTCGAGCTGAAGATGAAGCAGGGCTCGGCAGCAGGCGGGGACTTGAGGGCGTACTGCGACAAGCATGGCGAG,CDS
Rhoglu1_801319_exon9,ACCACCGCCTCTCGCGATGGCTCTCCCTTCCCGATCCTCTCGAAGAACCGCAAGTCGAACCTGAACCCGACCGCATCCACCTCGCTACTCAAGATCACGCTCAAGCTCCCGCACAAGCAGACCTCGAAGTCCGCCCGCGCCTACAAGACGAGCTTCAATTCTGGTCCGCCCGTCGTGCCCGCCAAGATCTTCGACCGCATCATGCAGTACATCGTCAAGATTAAGATGGCGGGGAAGAAGGAGGTCGTCAACGTTATCTGCCGGTACTGGAGCTTGAAGCGGGAGGCGAGGAGGGGTGCGCCGCTGCTCAAGCGTATCCACCTCGAG,CDS
Rhoglu1_801319_exon10,CCCTGGACTGCGTCGGCCACCTCGCGCCAGCAATCCGAGCAAGACAAGGCCCGCAAGCTCGAGCTCATCCGCCTCCTTCGCAACGACCTCGAGAAGGTCAGGATGCTCACCGAGCAAGTTCGTAAGCGCGAGAAGAAGAAGCTCGAGCGGGCGCAACACATCAAGCGGACGATTGAGACGTTCGTCTTTCCGAAGGAGAAGGCGATGAAGGATGCGCTCAACGAGCTGAAGAA,CDS
Rhoglu1_801319_exon11,ACTCGACAAGCAGCAGTACTTCGCCAAGCCCGTTGATCGCGAGCAGGTCCCCGACTACCACGAGGTGATCAAGTGCCCGATGGACTGGGCGACAATGACAGGCAAGCTCGACCGCCACGAGTACCCGACCGCGCCCGACTTCTCC,CDS
Rhoglu1_801319_exon12,GGCGACGTCCGACTCGTCATCAACAATGCCCGCCGGTACAACAAGTCCTCTTCGAACGTTCACAAATCCGCCGTCAAGCTGCTCGAAACCGCCGAACCGCTGCTCGCCTCCCTCGAAGCGCTCGACCAACCCTTCTCGACGCCGAATATCACAACGCACTACCTCGCCGAGATCTTGACGCCCGATGCGGTGCAGCAGTTGTTTGCGTTCGATTATGACACGAATGATCCGGATGGGAAGAAGAAGAAGGCTGAGGAGGAGAGGGTCAAGCGGGAGGCGGAGGAGAAAGAGAGGGCGGAGAAGGAGGCGAGGGAGAAGGCGGAGAAGGAGGCACGCGACAAGGAGGAGCGGGAGAAGAAGCCCAAGAGCAAGAAGGCGAAGGGTAAGGAGCGCGCGAAGGATGTCGATGAGGAGGAGGAGAAGGCGGCAGCGGCGGACGACGAGGTCGACGCAATGGATGTCGACGAGGACAAGCTCACCGAGACCAAGGCGGAGAAGAAGAAGCGGCTGGCGAGGGCCCGCAGGGAATCTCAAGCGGCGACGAAGGAGCGTAATGCGGCGACCGAGGCTGCGACTCCTGCGCGTGCTGCCAGGACAACGAGGAGCGGAGCGACACCGTCGACGTCCGCTGCTACGCCCGGACCGAGTCGCACGCGCTGGCAGGCTGCGTCGGCACCCTCGACCGCTCGGAAGGAGGACGTCAAGGTCAAGGTCCCTCCCAAGAGCAAGAGCAATGGCAAAGGGAAAGCGGTCGAGCCGGCCACACCTGCGCCTCCTCCTGCGACTCTGTCCTCCGTTGCGGCACCAGAGACTGTCGACGGGCTTAACGTGCACGACATCGACGGACGCGGCTCGTTCCGGATGTTCGACAGCGG,CDS
Rhoglu1_801319_exon13,CTGGGTCTTACCGGAAGGAACGAAGCGAGGAGGCGCTCGTGGCGGAGTCGTCGTCCAGGAAACGCCAGCTCCTGCTTCGACTGCTCCCCCGCCCGCTTCCGCATCGAAAAAGCGGCAGTCCGCGAAGACGCCTGCCATGAAGGAGCACGAGGCGCCTCAGACCGGCCCTTCGTCCAAGCGCGAACGGGAGGAAGGCGACGCGGAGCCTGCGGCGAAGAATGCGAAAGTCGACCCTGCGCCGTCTCCGAAGAAGCCTGTGGTTTCGAAGTATGCGGATGGCGAGTTGAGGGAGTGGGAGAGGCGGTTTGCGGAGTTGAGCGCGGCGCCGGAGGTGAAGGTGACGGATGAGACGGCGCTCGAGGATG,CDS
Rhoglu1_801319_exon14,GCACCCTCGTCTGGGCGCGGCAGAGCGGCTATCCCTGGTACCCCGCCGAAGTCGCGGACCTCAAGGCTGCCGACACGCCCAAATGGCTCAAGGACAGCGCGCCGGCTGGACGCTCGAACAAGGCGGTCGCCGTCATGTTCTTCGACGACAAGCGCTCTGG,CDS
Rhoglu1_801319_exon15,CGCCTGGATCGACCGCCCTCACGTCCGCCTGCTCGGCGAGTCAAATGACTTTGACCAGCTCTTCCTCTTCCCCTCCGCCATCCGCGCGACGCGCAAGAAGGACGCGCCGAAGGGCAAGTCGATCGCGTCGACTCTCGAGGAGATT,CDS
Rhoglu1_801319_exon16,AAGGAGGCGTACGAGCATGCGACGTCGCTGGCCGAGACTGCGGAAGAGGCGGCAGCAGTGGCCCCGAATGCGCCGACCTCGTCGAAGGGACAGAGGAAGCGCGTCCGGAGGAAACTGTCGAAGGCTGGCAAGCCTTGA,CDS
Rhoglu1_801319_3'UTR,GACAGTGTTTGAGGGACTCCTTCTCTGCTTGTTGCAACGATACTGATCTTGTTGTGTTGACCCCTTACTGTGGAACTTGGCCTCCTCGGGCCGTTGCCGAGCG,UTR
Rhoglu1_URA3_5'UTR,TGCTCGCTCTTACTGTCGCTGTGAGGCTACGAGACTGCCAGACAGCTGATTTGTTCCACTAGAAGGCCCCCCTTACCGCCCAACCCGTCTTCTCTTTCTCCCGCTCTATCCTTCGAG,UTR
Rhoglu1_URA3_exon1,ATGCCGTCCATCACGACCCGCACCTACGCCGAACGAGCTGCCAAGCACCCCATCCCGGTCGCAAAGCAGCTGCTTGACATCTGCGACCGCAAGAAGACCAATCTCTGCGTCTCGGTCGACGTGACGAGCAAGGCGGGCCTGCTCAGGATCGCAGAGGCTGCTGGGCCGTACTGCTGCTGCATCAAG,CDS
Rhoglu1_URA3_exon2,ACCCACATCGACATTGTCGAGGACTTTGACCAGGATCTCGTCCAGCAACTGCAGGCTCTCGCAGACAAGCACGACTTCTTGATCTGGGAGGACCGCAAGTTTGCCGACATTG,CDS
Rhoglu1_URA3_exon3,GCAACACCGTCCGACTGCAGTACTCGTCCGGTATCTACAAGATCGCATCATGGGCGCACATCACCAACGCCCACCTCGTTCCTGGCGAGGGCATCCTGACGGGCCTCGCATCCGTCGGGCAGCCCCTCGGCCGTGGTCTCCTCCTCCTTGCCGAGATGAGCGCAAAGGGCAACCTCGCGACGGGCGAGTACACGGCCAAGAACGTCGAGGCGGCGAGGCGGCATCCTGAGTTTGTGATGGGCTTCGTTGCGATGCGGAGGGTCGACGAGCGGGAGGAGACGGCTGGCGGAGTTGCGCCAGGGGAAGGG,CDS
Rhoglu1_URA3_exon4,GCCGACTACGTGATCATGACTCCTGGCGTCGGGCTCGACTCGAAGGGCGACGGCATGGGCCAGCAGTACCGCACGCCCGACGAGGTGATCCGCGAGTCCGGCTGCGACGTGATCATCGTCGGTCGAGGTATCTACGGCGGTGGCGATGGCAACCCCAACGAGGAGATTGTCAAGCAGTGCAAGCGGTATCAGGAGGCGGGCTGGAAGGCGTACGAGGACAGGCTGCGGCAGTGA,CDS
Rhoglu1_URA3_3'UTR,ACGAGGCGATCTTCTCTAGACTTTCGTGCATGGTGTAAAGCTATCTTGACAACAAC,UTR
Rhoglu1_826793_exon1,ATGGCCACTCCCGCACACTCGTTCATCCTGGTCGACCCACTCGCTCACTCGACGCAGGGCACACCGCCCGTCGACACGCAGCTCGTGCAGCGCATACTCGAGCACAGGCAGCGCCAGCCAGACCAGCAGCTCTTCATCGACCACCTCCTGCAACTCGCAGAGCCCGAGG,CDS
Rhoglu1_826793_exon2,GGTCTCTGCAGTACCCGCCGACCGACGATGCAGAGCTCTCGCAGCTCTCGAGCCGGCTGGCGGCGCTGTCAGCGTTGTCGACAGGCCTGACAGCCCGTTCGTGCCTCTACTACCTCTCCCTCGCCTTCTCTCCCTCCCCCGAAGCCGCCGCAGCAGTCGCGAAAGACCTCCTCCTCCCTTCAGCGTTCCGTCTGTCGGTCCGCGCATTCCACTCCCTCGACTCGGGCGAGTACCGCACCGCCGTCCGCCTCCTCGCCGACCCGCGAGTGACGCCCGACTTTGTCCCTCGCACGCTCGCTATCTTTTCGACCCTTCCCGAGCCAAGCGAGCGTGCAGAACTCGTGCTGAGCTACTGGCGACTCGCGAGGATCGACCTTGCGGCGTACGGAAAGGATGAGGTCAAGTGCGTCTTAAGGGCGCTGTGTGCGCCCGAGCGTGCTCGTGGCGTTGCGGAGGCTTGGTCACTCGCACGCGAGTGGCGGGAAGAGGGCGAGCGTGAAGAATTGGCCAAAACGGTTCTCGAGACTTGCTTCGGCG,CDS
Rhoglu1_826793_exon3,ACAACCACACGGGCCTTCCGCTCGGCTCCCACCTCTCCGCACTTCTCGCCCTTCCCTTCACACCCTCCGAAGATACCCTCGCAACCTCCTTCTGCTCGTCCCCTCGCTCGCCCCTGCACGTCACCCTCACAGTCGACTGGCGCTTCTCGAAGCTCATCGCCGAGTCCCGACCCGTCGATGCCTTGCGCTTCTGGTCCTCCGTCCGCAAGAGCGGCAAGAAGGGACTCGAGCCGAGTCAGGACCGCGATAGGTTGCTCAAGGCTGTCGAGGCGAACTTGACGAGCGTGCAGAAGGCGTCGCTCGAGTTGGATCTTTCGTCTGCGCCCAGTACGAGCGCTGGCAAGCAGGCGGAGGCGACATCCGGCTCGACGGCGACTCTCACACAGCCTGCCTGGGCGCCTGCACCCGCACCTGCACTCTCCACACCTCAGCCTGCGCCACGCTCGATCAACGCCGCTCGCCTCGCCCAACTTCCCCCGCCTCCCGCCCCAGCTCCAACAGCAGCCGAAGTCCCGCTCTCTGCCTCGCCCTTTATCCGCAATCCCGCCGCTTCGGCCTCCCAAAGCGGACAGGGTGCAGTCCTTCGCGCTCTCGAGGTCGCCACGCCCAAGAAGGCCGCTTCTACACCCGTCAAGCCTGCTGCACCCGCTCCATCTTCGCCCTTTGCCTTCCCGCCTTCCGCCCCCTCAGTCGCCGGTTCCGCCCGGAGCGAAGCGACTCTCGCCCCTCCCGCTTCGCCAAAACCGACCCTTGCCGGCTTCGGCAGCGTCCGGCAGACGCCTGCGAGGACCCCAGCGCAGGGTCCGAGACGGCTCATGCCGCTTACGCCGCCTTCTGCGTCTGAGGACGAGGAGGGGGACGAGGAGATGAGGGATGTGAGGCAGGAGTCGCCCGAGCGGACTCGCAAGGACGAGCCGAAGGAAGGTGGGAAGGATGAGGAGGACGAATTCGCTCGCCGGGCAGCGCTTGACCCGGCTATCGCGCGCACCATCGCAGCAGCAGCCGAGCCTTCCTCATCCAAGCCCGCTCCGCCATCGACCGCCAAGCGCGTCTCGCGTCGCTCTGCGCCTGCGCGCGGTGGGGCTGGTGCGAGGGGCGACAAGCGCCGAGCGGTGCAGGGTCAGCCGCCGAATGAGGATCGGGTTGACGAGGAGAGGACGGTTAGGTTGCCGCCTGGTGCTTTCCCCGGGCAGAGCGATGATGAGCAAGGAGGGGAGGACGAGCAGCCGACGCAGCATGGAAAGAAGCGCGCGAGCCGGGGCAAGGGCGCTTCGCAGCCCGCTCAGCAGACGCCAGCTCGTCGCATGACGCGCTCACGCGCCTCGACCGTCGAGCCAGCCTCGCCCCCGCCTCAAAACACGACTACTCGTCGCTCGACTCGCGCATCGTCTGTCCAGCCGGAGCGTCAGGAGCAGAAGCAGCCGGAGATGAGGGAGGTTTCGAGGACGCCGGTCAGGAGGAGTTCGAGGTTGAGCGGGCAGCCGCACGCGGGGACGGCGAGGAAGAGCACGCGGGGACGGAGCAGGATCGAGGAGAAGAGCGGCGAGGA,CDS
Rhoglu1_826793_exon4,TGCTACGGAGTCGCTTGGTCGCAAGAAGCAGCTTTCGGCGATGTTGACTTCGTGGTCGTCGAAAGCGAGCGAAGGAGGAGGTCGCCTTC,CDS
Rhoglu1_826793_exon5,TCCCGCCCGACATGCGCCTCTCGTGTGGTATCTGCCATTGCGCCGAGTCGCCGCAGTGCCCGCCAGAAAGGATAGGAAGGGATTTTGTGGCGCTGACGGACTGCGGACACGTCTACCACCAG,CDS
Rhoglu1_826793_exon6,TCTTGCCTCGAGACATGGTACCACGCGTCCAACGAGAAGGGCTGTCCGATGCGTTGCGTCTACCTGAACGTGAAGCGCGACAAGCCGGGACGGTCGCTCAACTCTCGCCTGCAAGAACCCCTGCCCTTCCTCACAATCTTTCCGACCTACGACAAGGGCGACGCTCTGTCGTCGGACCAACCGGGACCGCCTGAGGAGGCGAACGAGCCTGCGCGGAAGAAGCGGAAGCTGAAGGCGAGGGCTGTCCCGGACGACGAGGGCGACGAGGCGCAGACTGAGTCGGAGGCATCCCAGGACGCGGCTGGGATGGATGAGGTGACACGATTGCGGAAACAGCTGCGGGAGGCGATGAACACGGTCCGCGAGCAGCGGCAAGCGCTCGAGGGCTATCGCTCAACTGTCAACGAGCTTCGGGCGTCTGCCTCAACCCCTCAGCAGCCGGCCCAGAGGCGGCGGCCTCCGCCGGACGACTTCGACTATTTCGTATCCTCGGAGGAGGAGTTCTCCGACTACGACTACGAGGACGATTGGACCGCCTTCGCTCGGCGGCATCCTTACGGCCGGGAATACGATGAGGAGGGAAAGTGTAAGCGTTGCGGCGCAGCCCACGACGCCGAAGACAAGCTGGAAGACCTACGCAGTGCGGTGGAGGCCTACGAGAAAGATACGGAGACAGCAGTATCCGCAGAAGAATACGCCCGACTGGAAGAACGTCTCGCCTCGCTCCAGACTCGATACAACGAGCTTTCGGCCAAGTACAACGAGCTCGACAACGACTATCGCACGGAGAAGATTGCCTGGCGGGACGAGAAGCAGAAGCTGATGACGCAGCTGCGCGAGTCGGGCGATAGCGGCCAGGAGATGATCAAGGAGCTGCAGGCCGAGGTCGACAGGCGCGACCGCGAGATCTTGCA,CDS
Rhoglu1_826793_exon7,CATCAACGCCAGCATCGACGGGATCCGCCAAGTCGCGCAGGACCAGGTTCAGGCCGCTCAACGACAGGTGCAGCGCGCCGAGACGAGCGCGAGCGAGGCCAGAGTTGCGGCCAAGCAGAGTGTGCGAGAAGCGGAGGCAAAGCTCAAGCAGGAGGAGGAGAAGCGGAGGAGGGTCGAGGGAGCCAACAAGCGGTACGAGGCCGAT,CDS
Rhoglu1_826793_exon8,CTGGCACGCTTGAAGAAGAAGATCGCCGAGTTGCGAGCGAAGCGCAACATTGTCGCTACGGATAGCGACGCCGAAGAGACCCCCGCCGCCGACAACCCGTCCACCTCCCTCCCTTCGCGCCAGTTCAAGCGCACCGCTTCCTCGCGCTCGTACAGATCGCCTTCACCTCCCTCTGACGGCCCGACCTTCAAGGTCAACAACAATTCGAAGCTGCTCGCCTCGCCCACGAAGAAGCGACACGAGCGAACACCGGTGGAAGAGTGCCACGTTTCGCGGGAGTACAGCGATGACGAGGACGACGAACTGGAGTACGCGGACGAGGCGACGATGAGGGCTGCGGCGCGCGAGGAGCAGAAGTTGAGGGAGATGGAGAACGAGGTGCCCGGTCGACCGATTTTCGCGCGAAACCACGACGACGACAGCAGCGACGTCGAGATTGTCGAGTCATCGTACTTCGCGTCGGCGTCGGCCAAGGCGAAGCAGAAGGCGCCCGCTCGACCGCTCTCCGCCCACAACAGCCTGTCGAACGTCTCCTCTTCCGCCTCCTCCGCCCGACTCAGCGCGAAGCAGCCATCGCCCTTCCCGTCACTCGTCCCCCAAAAGACGGCAGCTGTACCTCAAAAGAAGCAGCCACTGGCGAAGAGCTCGAGCGACAAGTGGCTTCCCAGCTTCGCATCAAGCCAGGTCGTACAGACAGGTCCGAAGCGGTCCGTAAAGAGGCGATAG,CDS
